Name,ARPE19 Control,,,,ARPE19 SIRT6 KO,,,,HeLa Control,,,,HeLa SIRT6 KO,,,,SHSY5Y Control,,,,SHSY5Y SIRT6 KO,,,
Kynurenic acid,1.025693197,1.217438287,0.6652884146,1.091580101,1.032133825,1.422766846,1.452421138,1.228017558,0.9136797358,0.7797666783,1.01108029,1.295473296,0.6098260772,1.027602548,0.8172396125,0.7904409376,1.038201191,0.5626825619,1.334216942,1.064899305,0.5823331456,0.4759546944,0.4075606585,0.5397305768
Kynurenine,0.7419602529,0.9226059158,1.104175058,1.231258773,0.9842677496,1.024610949,1.084131923,1.215662839,0.9329876529,0.9152552207,1.130328055,1.021429071,1.090646156,0.9742622087,0.8711663227,1.006682357,1.013561375,0.940716029,0.9778698697,1.067852726,0.8989509863,1.06958881,0.9661480312,1.049317976
Anthranilic acid,0.9808096709,0.6845792186,1.048149854,1.286461257,1.089451359,1.445667934,0.8469452155,1.488040431,0.8678452996,0.8855456688,1.083616532,1.162992499,1.467140637,1.041090635,1.309326418,1.295900025,1.100126077,0.9607507816,0.8858426283,1.053280513,1.275705635,1.576322554,1.507404289,1.347935626
Serotonin,1.08782098,0.8103990523,0.9466251693,1.155154799,0.8078952401,0.8320370486,0.8625272748,0.7830976032,0.9236959875,0.9523771207,1.102712999,1.021213893,0.8568472699,0.8538678469,0.7729757192,0.7811598099,1.163555489,1.082712647,0.8585384111,0.8951934535,0.7275352431,0.8401179805,0.6688311871,0.685715732